tweet_id,text,labels
768358083177418753,Red Cross search and rescue teams help survivors amid rubble after #Italy #Earthquake. @crocerossa @Federation https://t.co/t9Yvzx7wqp,"[1, 0, 0, 1]"
768412294900441088,"#BREAKING: 6.2 #ItalyEarthquake has killed 37 2,500 displaced #France ready to help army #rescues https://t.co/iUFxblAZAM","[1, 0, 0, 1]"
768435745455341569,Italy Red Cross still searching for survivors: Tommaso Della Longa of the Italian Red Cross tells CNN's Isa S... https://t.co/4m2ctdueQN,"[1, 0, 0, 1]"
768486394910089216,"Italy - Rotary partners sorting transp &amp; accom for incoming SBox team of 3 tmrw. Arr Rome, then on to quake zone. https://t.co/KDBfv134ns","[1, 0, 0, 1]"
768407796337479680,"#ItalyEarthquake: Church sends aid, @CaritasItaliana volunteers in #Rieti deliver food and basic necessities https://t.co/UWt7me4W1t","[1, 0, 0, 1]"
768323535588696064,#Italy #RedCross @crocerossa emergency centrs mobilized. #volunteers support affected by #earthquake @roteskreuz_de https://t.co/GofFpJvHzy,"[1, 0, 0, 1]"
768418420060745728,Our disaster desk is active for earthquake activity today. Volunteers are monitoring. Volunteers please report in to Skype #hmrd via ^ct,"[1, 0, 0, 1]"
768367340312338432,A major earthquake has struck central Italy and Red Cross search and rescue teams are racing to help survivors... https://t.co/eiWMhEJ3Xv,"[1, 0, 0, 1]"
768527647945072640,"Friends and followers, please help me share this, we are raising money for #ItalyEarthquake  https://t.co/yVox9EqgsA https://t.co/HcebLuBZwn","[1, 0, 0, 0]"
768584656388173824,"Army, Rescuers Race to Save Survivors of Italy Quake: The 6.2 magnitude quake struck about 100 miles northeast of Rome and killed at ...","[1, 0, 0, 1]"
768506782096453632,There is a relief fund set up by the Italian Red Cross for the population hit by the dramatic earthquake this... https://t.co/R4Apjttizg,"[1, 0, 0, 1]"
768614281684189184,The @niaforg is raising money to help Italy's earthquake victims. Donations accepted https://t.co/VoRuQmTEBQ https://t.co/VBAmEACmiK,"[1, 1, 0, 1]"
768575191198806016,volunteers from everywhere in Italy are reaching the area of earthquake to help. We show our best in tragedies. ,"[1, 0, 0, 0]"
768575234517630976,Deadly Italy earthquake: Accumoli and Amatrice in ruins;  Army mobilized in rescue~ via @nbcnews https://t.co/3cmPZEWWUX,"[1, 0, 0, 1]"
768512457954455552,#Earthquake #Italy  Colonel Massimo Tuzza #Army working manually for the removal of rubble  https://t.co/7R0OCAxTCX,"[1, 0, 0, 1]"
768625953794764801,"Deadly earthquake rocks central Italy, Army mobilized in rescue https://t.co/8uBlGG7Uud via @nbcnews/ OUR PRAYERS ARE WITH YOU !","[1, 0, 0, 1]"
768821166157037568,"Sami Khedira is donating 20,000 to the victims of the Italian earthquake. Pure class that guy","[1, 0, 0, 0]"
768769338165829632,"Relief efforts go through the night as @CaritasItaliana give 100,000 #ItalyQuake https://t.co/j4fH2wL4hv https://t.co/JvPjDwLMrG","[1, 0, 0, 1]"
768832593659850752,Classy @SamiKhedira donated 20000 to victims of Italian earthquake. Also auctioning signed @juventusfcen shirt,"[1, 0, 0, 0]"
768777208265527297,The @IAMMuseumNYC and other groups are raising money for relief efforts in Italy https://t.co/W0DBFudzJK https://t.co/ZvggOHpMDb,"[1, 0, 0, 1]"
768819079922585600,ARRL: Amateur Radio Volunteers Assisting in Italian Earthquake Response: Radio amateurs are taking part in th... https://t.co/tzBX4JYoCU,"[1, 0, 0, 1]"
768847507581440000,Refugees living on 2 per day donate to Italys quake victims. The Independent 25.08.2016... https://t.co/VxUgE3Mt2L,"[1, 0, 0, 0]"
768749892873445376,"a man is seen in front of a tent in a temporary shelter for the #earthquake victims in #Amitrice , #Italy . https://t.co/KCpsPbbMcb","[1, 0, 0, 0]"
768800256922382336,"ProgressiveArmy: RT TheBpDShow: 6.2 Earthquake in Amatrice, Italy: https://t.co/58rgdxMVWJ via YouTube","[1, 0, 0, 1]"
768830560366190593,"For every plate of Bucatini all' Amatriciana we serve this week, we'll donate $2 to aid the victims of the earthquake in Amatrice, Italy.","[1, 0, 0, 0]"
768703895682113536,"Italy quake. Young girl found alive under rubble, but at least 247 dead. ShelterBox team arriving today. https://t.co/fqgE5H4b1z","[1, 0, 0, 1]"
768768668863987712,Free Airbnb shelter for earthquake survivors https://t.co/cX2l9xFZkF https://t.co/9bXx79wYFI,"[1, 0, 0, 0]"
768830503646617600,For each Amatriciana we will donate  2 (  1 from us and  1 from you) to help victims of the earthquake. #Amatrice https://t.co/bU0SwDiJSw,"[1, 0, 0, 0]"
768816702956113924,"Italy quake - people sleeping outdoors, in cars, in tents. ShelterBox team in place, making plans to help.","[1, 0, 0, 1]"
768864167851810816,"Allegri, Dybala &amp; Khedira raising funds for earthquake's victims in central Italy (https://t.co/RRd2WyUct5) https://t.co/L3kM9MgpqX","[1, 0, 0, 0]"
768925914289704960,#ItalyEarthquake @WHO @crocerossa Field guide for crush injuries in earthquakes for medics (for print/distribute) RT https://t.co/8nGSvCpfQe,"[1, 0, 1, 1]"
769041120693260288,Donations to churches in Malta this weekend will go towards the victims of the Italy earthquake. #TerremotoItalia  https://t.co/hsWWgO7svh,"[1, 0, 0, 0]"
768917947297435648,"So, so proud of AC Milan international Keisuke Honda who donated $20,000 to earthquake victims.  Marvelous example of solidarity.  BRAVO!","[1, 0, 0, 0]"
768841605348466690,The inhabitants of Italy to massively donate blood for the victims of the earthquake https://t.co/OCOU0yfEYh https://t.co/onqfazoKfm #News,"[1, 0, 0, 0]"
768892831704363008,#Asylumseekers - Asylum seekers volunteer in wake of Italian earthquake https://t.co/i4dm532POu,"[1, 0, 0, 1]"
768919887972446208,Comcast Provides Free Calls to Italy Following Earthquake https://t.co/LXnoehWOC8,"[1, 0, 0, 0]"
768921273036476417,"I've #justdonated to Italy earthquake victims. Donate on @justgiving and help raise 5,000 https://t.co/9gT887nmrD","[1, 0, 0, 0]"
768919220130152448,"Call now, check on your loved ones - Optimum customers: free calls to Italy after quake https://t.co/hDcFuL1Sfs via @dailyrecord","[1, 0, 0, 0]"
769211010163019776,#ITALY-Earthquake-#Queen Elizabeth-Personal donation to support Italian Red Cross after quake-Buckingham Palace says https://t.co/SuRbGP5VVR,"[1, 0, 0, 1]"
769311346378829824,In pics: Makeshift shelters house Italy's quake refugees - The Local https://t.co/4Gtp1z5Ycq,"[1, 0, 0, 0]"
768687908974833665,Italy quake kills 247 as rescuers race to find survivors: Rescue crews using bulldozers and their bare hands ... https://t.co/omopo6rPyB,"[1, 0, 0, 0]"
768959512472530945,#ItalyEarthquake: #SalvationArmy is making #DisasterRelief plans for #earthquake #victims https://t.co/xVP5zrrYJV https://t.co/zYNvhCe8VQ,"[1, 0, 0, 1]"
769307281108467712,OSIA Triangle Lodge 2817 in NC in news for earthquake fundraising efforts: https://t.co/e7I5ZkASpF  You can help: https://t.co/2tPbXGauHh,"[1, 0, 0, 0]"
768571410750898176,Text ITALY to 80100 to donate $10 to Italy Earthquake Relief Fund and support the @bbb_give Seal Holder @GlobalGiving ongoing relief efforts,"[0, 1, 0, 1]"
768525046465892352,"Italy needs help! The earthquake left many people without home, hospitals need ambulances,... https://t.co/JGY7Hro511","[0, 1, 0, 0]"
768318146000191488,Italy earthquake urgent blood donations needed #Rieti https://t.co/KWbl5HA1eG,"[0, 1, 0, 0]"
768552041522135040,Red Cross requests Italians deactivate Wi-Fi router passwords to ease earthquake rescue efforts https://t.co/M853Ohmpz5,"[0, 1, 0, 1]"
768509922631905280,Locals urged to remove password from WiFi after earthquake Mashable https://t.co/cF4bYVNReB,"[0, 1, 0, 0]"
768374124070768640,If you are close to area affected by the terrible #earthquake in #italy go #donateblood - andate a donare sangue. https://t.co/QTAlrqzToC,"[0, 1, 0, 0]"
768451037334306816,@DKI_Commercial Can also donate to @GlobalGiving's Italy Earthquake Relief Fund to support orgs in local communities https://t.co/dBP5H8UFpK,"[0, 1, 0, 1]"
768580329414066176,"Huuuuh, disaster orgs requesting opening wifi connections to bolster communication in the wake of Italy's earthquake https://t.co/IvBPEsX3Ar","[0, 1, 0, 0]"
769130374106669056,"Italy quake rescuers ask locals to unlock their wi-fi (interesting idea, hope it helps) https://t.co/CS1HnIdIip","[0, 1, 0, 0]"
768858856482930688,BBC News: Earthquake rescuers seek unlocked wi-fi https://t.co/OnMJOSW1fP,"[0, 1, 0, 0]"
768806059771367424,#TechnologyNews: Rescue teams searching for earthquake survivors trapped in central Italy have asked locals to unlock their wi-fi passwords.,"[0, 1, 0, 0]"
768887928659607552,"Text ITALY to 80100 to donate $10 to Italy Earthquake Relief, via @bbb_give Seal Holder @GlobalGiving  relief efforts, h/t @MobileGivingOrg","[0, 1, 0, 1]"
768857736486359040,Appeal for wi-fi connection in #earthquake areas in #Italy https://t.co/hdRIsdMPsl via @BBCNews,"[0, 1, 0, 0]"
768705995337895936,"super interesting, small but huge #commisaid element in disaster response: turn off your wifi password https://t.co/3OLgbucPk8","[0, 1, 0, 0]"
768958970136518656,Italy quake rescuers ask locals to unlock their wi-fi# earthquake#emergency# wifi makes sense https://t.co/MVSH6xVHoZ,"[0, 1, 0, 0]"
768820146085306368,BBC News Tech Italy quake rescuers ask locals to unlock their wi-fi: Rescue teams searching for earthquake su... https://t.co/TTNXsVQWdW,"[0, 1, 0, 0]"
768830981717516288,Italian earthquake victims asked to disable WiFi passwords https://t.co/8Ti3DCVBDb https://t.co/gyg1CcN1TJ   Engadget (engadget) August ...,"[0, 1, 0, 0]"
768792564891721728,Another way of donating if you are in Italy is to open up your wifi to allow others to use it. https://t.co/z0gyAI9KQk,"[0, 1, 0, 0]"
768917288493977600,ITALY NEEDS EVERYONE'S HELP. please text 45500 to donate 2 to help those affected by the earthquake. we CAN make a difference! #terremoto,"[0, 1, 0, 0]"
768991464059727872,Rescuers in Italy Quake asks residents to unlock their WiFi. https://t.co/hVaxJh9mUk,"[0, 1, 0, 0]"
768809412744077312,"India needs an SOP for to override KYC for this. ""@BBCTech: Italy quake rescuers ask locals to unlock their wi-fi https://t.co/QsjbZdwPkG""","[0, 1, 0, 0]"
768707126453764096,"RT TheNextWeb ""Want to help earthquake victims near you? Disable your Wi-Fi password https://t.co/rAQSfIwuSj https://t.co/ZAZIvhTEeq""","[0, 1, 0, 0]"
768813995763564544,The Red Cross is Urging Italians to Turn Their WiFi Passwords Off After the Earthquake via @businessinsider https://t.co/MV7gKBMdwo,"[0, 1, 0, 1]"
768745988664258560,"Donate clothes, shoes, water &amp; more in #Florence for victims of the #Earthquake, here's how and where https://t.co/OwkN9XRPP0","[0, 1, 0, 0]"
768871410185936896,"Directly donate proceeds to the ShelterBox #Italy Earthquake relief efforts, including water purification... https://t.co/wg88u4gHt0","[0, 1, 0, 1]"
768759688288727040,"Earthquake in central Italy, 247 dead so far. Blood donations needed: https://t.co/pjN7pRxnlX","[0, 1, 0, 0]"
768792137731276800,Home https://t.co/nRwtj2NP1f. Can you help the victims of the Italian earthquake. Make a donation to Shelterbox.,"[0, 1, 0, 1]"
768632959649910784,Italian earthquake victims asked to disable WiFi passwords https://t.co/qn8MmrCjur TX to Joystiq,"[0, 1, 0, 0]"
768810619428564992,To all my foreign and Italian friend: please text to 45500 to donate 2 to help and support hundreds of people affected by the earthquake ,"[0, 1, 0, 0]"
768823780093427712,The Red Cross asks Italians to deactivate their Wi-Fi passwords for earthquake relief: https://t.co/ttILZmKp0X ... https://t.co/LfIAJYp0Q3,"[0, 1, 0, 1]"
768785401418919936,#PingForADay &gt; Italy asks public to off Wi-Fi passwords for communication in earthquake aftermath. https://t.co/iZNjEzwf4p #WiFi #quake,"[0, 1, 0, 0]"
768744737863897088,"Public service announcement, in event of disaster, donate your wifi and disable your wifi password. https://t.co/k9fNCjTpXz #psa #earthquake","[0, 1, 0, 0]"
768811382422724608,The role of telecom in crisis - The Red Cross is urging Italians to turn Wi-Fi passwords off after the earthquake https://t.co/yaeeEqA1ay,"[0, 1, 0, 1]"
768822302582697984,Tech Update from the BBC! #Tech #BBC #Technology Italy quake rescuers ask locals to unlock their wi-fi https://t.co/IknKN21GeB,"[0, 1, 0, 0]"
768688368108601344,Italian Red Cross urges people to disable Wi-Fi passwords after devastating earthquake https://t.co/gg3hcD5fLZ &gt;&gt; Niet veilg. Wel nodig.,"[0, 1, 0, 1]"
768792105451917312,"Amatrice, home town of Amatriciana sauce, has been destroyed by an earthquake: help the locals. via /r/food #food ... https://t.co/iVzt9u4YN3","[0, 1, 0, 0]"
768790575541870592,Italy earthquake: Red Cross urges locals in affected areas to disable their WiFi passwords - International Busines... https://t.co/hLHN09AOrq,"[0, 1, 0, 1]"
768816836431327232,"Italy earthquake leads to open-air mortuaries, rescue teams running out of body bags,as looting spreads  https://t.co/HUArBf913e","[0, 1, 0, 0]"
768720720532738048,Please donate to the Italian Red Cross to support the victims of the earthquake. @crocerossa https://t.co/aeKCRcdfHu,"[0, 1, 0, 1]"
768280801913954305,"Retweeted Good Morning America (@GMA):  UPDATE: Reports of damaged buildings, blackouts near epicenter of quake... https://t.co/4ImtJW4wDA","[0, 0, 1, 0]"
768283243166765056,"JUST IN: Italian Civil Protection Agency says it has received reports of building collapses after quake in central Italy, Reuters reports.","[0, 0, 1, 0]"
768267948959993856,#BREAKING: #Italy government say they are in contact with civil protection about #earthquake near #Perugia. No word on damge or injuries yet,"[0, 0, 1, 1]"
768278352167698432,No immediate reports of damage after earthquake rattles Rome and central Italy. https://t.co/A3FPJU50Ze,"[0, 0, 1, 0]"
768294688495329281,"#Italy #Latest At least two killed by 6.0 quake, several injured, trapped on wreckage in #Amatrice #Norcia #ArquataDelTronto #Illica","[0, 0, 1, 0]"
768301838214934529,"UPDATE: Reports of damaged buildings, blackouts, residents fleeing homes near epicenter of 6.1 Italy quake. https://t.co/puTfd1NzWZ","[0, 0, 1, 0]"
768291777170186240,"105.9 SEASIDE-FM News - BREAKING Earthquake rattles central Italy, buildings damaged, people trapped under... https://t.co/Ayn0RPkIep","[0, 0, 1, 0]"
768285679109275648,"#Italy earthquake: Heavy damage in Amatrice, buildings collapse, many trapped https://t.co/sK45HPESbg https://t.co/qlqiOsJLoy","[0, 0, 1, 0]"
768288893221216256,Injuries now reported in Ascoli Piceno. #Italy #earthquake,"[0, 0, 1, 0]"
768297782725664768,"(The Star):#Central #Italy hit by 6.2-magnitude earthquake, injuries reported : The mayor.. https://t.co/e7hCwkLjEM https://t.co/YFYCmCjbyw","[0, 0, 1, 0]"
768308438610894848,"The Perugia #earthquake was just 10km deep, hence greater concern of damage and casualties in central #Italy","[0, 0, 1, 0]"
768330761342713856,"Woken up in Italy at 3.30am by the earthquake. Quite scary but we were lucky, damage to the house but no-one hurt.","[0, 0, 1, 0]"
768325314179203073,many suffer casualties as earthquake rocks central italy https://t.co/D7U0r1QELV https://t.co/txnFseRnaL,"[0, 0, 1, 0]"
768323478751555584,*AT LEAST 10 DEAD IN ITALY EARTHQUAKE: SKY TG24 #ItalyEarthquake,"[0, 0, 1, 0]"
768330285742067712,"14 reported dead as shallow 6.2 quake shakes Rome, devastates towns in central Italy Injuries and Death toll... https://t.co/O0bXv6Mj7v","[0, 0, 1, 0]"
768320663266492417,"@MistressMueller Good morning My lady ,today is a very sad day for Italy ,in the night an earthquake in center Italy destroy a lot of houses","[0, 0, 1, 0]"
768321123586932736,.@Independent '...said no deaths have been reported deaths in Norci.' #typo https://t.co/VV4zvlXeJp,"[0, 0, 1, 0]"
768317381349343232,6 feared dead in #italy earthquake  https://t.co/h4Go8zJfLL,"[0, 0, 1, 0]"
768356721936838656,UPDATE: The death toll from central Italy 6.2 mag earthquake now at 13. Officials warn the numbers of deaths will likely rise. @NEWS9,"[0, 0, 1, 0]"
768336576569020416,Ten dead in big Italian quake - The West Australian https://t.co/jfDZ8XnZoR,"[0, 0, 1, 0]"
768338791597744128,Six dead in #Italy #earthquake RT BBC https://t.co/Tma27140Lh,"[0, 0, 1, 0]"
768338587196751872,#Breaking| At least 10 people are feared dead in the central #Italy quake,"[0, 0, 1, 0]"
768334015740858368,@Lilia_Zannoni The earthquake no damage? Family is safe?,"[0, 0, 1, 0]"
768344464377118720,Prayers go for the death of  #Italy #earthquake people.,"[0, 0, 1, 0]"
768357149529350144,"Earthquake update: no damage or injury was reported here. AUR students are arriving, so many were not present. Those present are all safe.","[0, 0, 1, 0]"
768373877852344321,"""21 dead in Italy quake"" https://t.co/HMcoXiFv49","[0, 0, 1, 0]"
768358452532015104,3 cities are GONE. We still don't know how many people died. Roads are destroyed and people can't get there to help. #earthquake,"[0, 0, 1, 0]"
768382142309101569,Reuters: AT LEAST 37 DEAD IN ITALIAN EARTHQUAKE - CIVIL PROTECTION SPOKESWOMAN,"[0, 0, 1, 0]"
768389452150501376,no of casualties rises steadily... horrific Central Italy earthquake: at least 38 dead in 6.2 quake  https://t.co/7dujODEJ9O,"[0, 0, 1, 0]"
768388515944095744,At least 37 dead in #Italy earthquake: Reuters https://t.co/IEoxYCIzxL,"[0, 0, 1, 0]"
768390608486539265,"Amatrice Italy destroyed in 6.2 earthquake this morning. 37 known dead, hundreds injured, thousands unaccounted for as of 1100z","[0, 0, 1, 0]"
768403727220781057,"Italy quake: Death toll rises to 37, 150 injured https://t.co/HqB7S6xdy6","[0, 0, 1, 0]"
768405323640176640,deadly earthquake with at least 37 dead and over 60 injured,"[0, 0, 1, 0]"
768393987807858688,Embassy: No Filipino casualties in Italy earthquake | Network News live https://t.co/CaczwF9CtH,"[0, 0, 1, 0]"
768397673191931904,I want to inform all my friends and people who have contacted me that in my area(VITERBO) there are not injured layers during the earthquake,"[0, 0, 1, 0]"
768412182522494976,please pray for the poor people of Italy a 6.2 earthquake destroyed many historic buildings hundreds injured unknown killed,"[0, 0, 1, 0]"
768411322107195393,Death toll after Italy earthquake keeps climbing. 38 deaths now being reported. https://t.co/eURsfB7Ne9,"[0, 0, 1, 0]"
768408261821206528,"Death toll in Italy quake climbs to at least 37: Rescue agency says several hundred injured, thousands homele... https://t.co/wKLkHbsiQH","[0, 0, 1, 0]"
768421840452747264,"The death toll of central Italys earthquake rose to 38, more feared dead under rubble - 17 dead in Amatrice only. https://t.co/8PYchpYBf6","[0, 0, 1, 0]"
768406647358095361,"Strong Quake Rocks Central Italy, 37 Dead: Strong Quake Rocks Central Italy, 37 Dead https://t.co/574gSj1TFf - from CBN News","[0, 0, 1, 0]"
768423365669449728,My morning news was earthquake in Italy Let's hope no more damages. #PrayersForItaly,"[0, 0, 1, 0]"
768411910798581760,BREAKING NEWS: Powerful earthquake kills more than 30 people in Italy. Damaged homes &amp; buildings. Rescues underway now @NBCLA #TODAYInLA,"[0, 0, 1, 0]"
768417578456932352,"At least 37 people are reported dead, hundreds injured after earthquake in Italy https://t.co/h9sUjMLy5N","[0, 0, 1, 0]"
768427703078912001,Just landed #jfk learn #Italy catastrophic earthquake hitting The Amatrice area Abruzzo Lazio. Over 40 casualties entire towns wiped out,"[0, 0, 1, 0]"
768435927056281600,#ITALY EARTHQUAKE DEATH TOLL REACHES 63: CNN CITING AFFILIATE - BBG,"[0, 0, 1, 0]"
768430270701793281,"Italy earthquake leaves 39 dead, towns in ruins - CNN - CNN Italy earthquake leaves 39 dead, towns in ruins CNN... https://t.co/8kwWSWMVt4","[0, 0, 1, 0]"
768430502483070977,"My thoughts and heart go out to those affected, injured, and lost #ItalyEarthquake https://t.co/EUv3d6NWNk","[0, 0, 1, 0]"
768430032712638464,This is shocking pics of earthquake damaging pagodas in #Bagan. Pray no one is hurt! https://t.co/i27WwFISdR,"[0, 0, 1, 0]"
768429264974798848,"@laird_hay thanks, my friend. Yes, no damages where we live. Epicenter quit far, and our lake mitigates the earthquake's waives","[0, 0, 1, 0]"
768438642125770753,No earthquake damages reported at the Gran Sasso National Laboratories near L'Aquila or at Frascati National Lab says @UffComINFN,"[0, 0, 1, 0]"
768433295927435265,"quake tragedy in central italy,,38 casualties ,,,,on CNN news@StreamingMimi  https://t.co/hIycf5UfZu","[0, 0, 1, 0]"
768433666745925632,"#BREAKING At least 63 people dead after central Italy earthquake, dozens injured, about 150 people buried underneath rubble. #terremoto","[0, 0, 1, 0]"
768431925002399744,Dozens dead after #Earthquake in #Italy! https://t.co/rhwEIePlAZ,"[0, 0, 1, 0]"
768430007521648641,At least 37 dead after powerful earthquake strikes Italy - AsiaOne: AsiaOneAt least 37 dead after powerful ea... https://t.co/JV0YSxooDL,"[0, 0, 1, 0]"
768447564756742145,73 dead in Italy and still rising due to earthquake! Truly tragic!,"[0, 0, 1, 0]"
768449990293278720,ItalyEarthquake death toll raised to 63. https://t.co/nZrPlCXq3b,"[0, 0, 1, 0]"
768450796111466496,"Deadly earthquake rocks central #Italy; dozens dead, hundreds missing. death toll approximately 73 https://t.co/K7SYTzaGIZ","[0, 0, 1, 0]"
768445700044689408,Death toll up by 10 times since this morning! Earthquake in central Italy leaves dozens dead - https://t.co/zuUXhbNIJM,"[0, 0, 1, 0]"
768435259507519488,"Italy Earthquake Update: 37 Confirmed Dead, 150 Missing .... https://t.co/aGEPK1ApTl","[0, 0, 1, 0]"
768463652664045568,70+ Dead as Powerful Quake Hits Italy -  - See More @ https://t.co/UjvOW503oJ,"[0, 0, 1, 0]"
768463045194555392,"""Death toll in Italy quake rises to 73"" - https://t.co/pNJeA4A8Qx","[0, 0, 1, 0]"
768479257664249858,Italy quake damage 'like Dante's inferno' as death toll climbs to 73: The death toll is likely to rise as cre... https://t.co/2pDSj1oFcR,"[0, 0, 1, 0]"
768482247301271552,"Strong quake in Italy, at least 73 people dead, many injured https://t.co/LkuBCFBG8R #ItalyQuake #Amtarice #Accumoli https://t.co/oSo41urkAh","[0, 0, 1, 0]"
768464253388894209,"The death toll in Italy continues to rise, following a 6.2 magnitude quake that has killed dozens and injured... https://t.co/GPxz3bG8wu","[0, 0, 1, 0]"
768453992565252097,Dozens Dead in Italy quake devastated several places https://t.co/Iq77xtMbT9,"[0, 0, 1, 0]"
768456145941831680,Italy Earthquake: Death Toll Rises To 38: Death toll from a powerful earthquake that devastated a string of m... https://t.co/du7fHU1TZJ,"[0, 0, 1, 0]"
768466009330216961,"Earthquake in Italy; at least 73 dead, according to Italian officials. #ItalyEarthquake","[0, 0, 1, 0]"
768451738189770752,"(KXAN) #Earthquake rattles central #Italy, death toll rising : So far 17 deaths have been.. https://t.co/gkxHu4przU https://t.co/mmVohLAF2g","[0, 0, 1, 0]"
768453605737234432,#Italy  #quake  leaves 73 dead: new official toll: AFP,"[0, 0, 1, 0]"
768462043347320836,"Up to 50 dead, hundreds hurt in Italy quake: ""Like Dante's Inferno"" https://t.co/2dWc1FoQXw https://t.co/GDHDSnhlOS","[0, 0, 1, 0]"
768482543318343680,"73 dead as Italy earthquake flattens villages, towns -  https://t.co/NSBrJlPS6S dead as Italy earthquake flatten... https://t.co/YwhDR5jZzq","[0, 0, 1, 0]"
768462568834801665,"@CarolCNN There are no ""earthquake proof"" houses anywhere. The best we can do is ""earthquake resistant"", which means damage is controlled.","[0, 0, 1, 0]"
768461977794543616,"More than 73 now dead, and counting, in earthquake in central Italy.  Many missing, very many injured, some in critical condition","[0, 0, 1, 0]"
768452788292554752,"Up to 50 dead, hundreds hurt in Italy earthquake: 'Like Dante's Inferno' https://t.co/sVXEuBZuDG","[0, 0, 1, 0]"
768496159920795648,"""At least 73 people were killed and hundreds injured when the shallow 6.2-magnitude quake struck 10km southeast... https://t.co/xO0vTgBnke","[0, 0, 1, 0]"
768499698055249920,#BreakingNews #earthquake casualties in Italian quake raise to 120. @cnni @cnnbrk,"[0, 0, 1, 0]"
768508434777907201,"At least 120 People Reported Dead , Others Injured as Earthquake Rocks Town in Italy -  https://t.co/4yBlkhqYlf https://t.co/T3p8C3PyoE","[0, 0, 1, 0]"
768507350504398848,"https://t.co/R7qCyJzcaP 120 people killed, 368 injured in Italy Quake. Lord God, Please be with those victims. #Amatrice #Accumoli #Myanmar","[0, 0, 1, 0]"
768505089338150912,#Italy Earthquake: 120 dead &amp; 368 injured https://t.co/g981Js7BoG,"[0, 0, 1, 0]"
768486056941477888,"Italy earthquake reduces 3 towns to rubble overnight.73 dead, hundreds injured. https://t.co/6fniiX1plh https://t.co/EFsKmGuWpO","[0, 0, 1, 0]"
768501164354703360,"@UK__News thinking of Italy  after the earthquake, those killed &amp; injured  &amp; whose lives are affected directly and indirectly","[0, 0, 1, 0]"
768493137207623680,"##Italy: Rescue operation continues in quake-stricken Amatrice, 35 reported dead https://t.co/POKbsXGZPI #Video, VideoNews, news, ruptly, ...","[0, 0, 1, 0]"
768506539510464512,Death toll rises to at least 73 in Italy earthquake: AUG24 Death toll rises to at least 73 in Italy... https://t.co/TtOseyKcLz #VOTEORLYTAITZ,"[0, 0, 1, 0]"
768509777399967744,"Death toll risen again: 120. Dozens missings, hundreds injured. In 6.2 earthquake, 40 aftershocks since then. #ItalyEarthquake","[0, 0, 1, 0]"
768491182418604032,"#Italy: Rescue operation continues in quake-stricken Amatrice, 35 reported dead https://t.co/REuBseqSok https://t.co/Fn2dtPjbw2","[0, 0, 1, 0]"
768501819165253632,Update: Death toll rises to 120 with 100's wounded/missing after powerful 6.2 magnitude earthquake hits central #Italy - Italian PM Renzy,"[0, 0, 1, 0]"
768507119234613248,2.1 earthquake recorded south of #Murcia town near La Alberca. No damage. https://t.co/BeqPgUUnFq https://t.co/2UFVXWqFKS,"[0, 0, 1, 0]"
768514024027807744,120 dead after devastating Italy quake https://t.co/Xh89eD5qPG (News) #newzealand #nznews,"[0, 0, 1, 0]"
768510361968451585,The death toll is unknow in the earthquake that occurred in centro Italy some media say there are 120 dead but the number is inaccurate,"[0, 0, 1, 0]"
768512436878049280,ITALY EARTHQUAKE:  120 DEAD 100 INJURED.  CONFIRMED,"[0, 0, 1, 0]"
768501249272602624,The casualties from this Italy earthquake make it seem so much more real being only 100 miles away.,"[0, 0, 1, 0]"
768493276202532864,6.2 magnitude earthquake hits Itally. 73 deaths so far confirmed.,"[0, 0, 1, 0]"
768518525111537664,I know the Italian earthquake is a serious thing but if you post a picture of an old man infront of a damaged building with a big smile-,"[0, 0, 1, 0]"
768536722334363648,"Italy earthquake kills at least 120, reduces towns to rubble: The death toll stood at 120 but the number of dead and missing was  unc...","[0, 0, 1, 0]"
768554066146422785,Richter 6.2 earthquake hits Italy - 70+ dead: https://t.co/mh4burWbDE #fb,"[0, 0, 1, 0]"
768517891465633793,...120 dead...350 wounded...balance of victims of the earthquake in central Italy grows...  triste,"[0, 0, 1, 0]"
768523558989471744,Earthquake in Italy leaves more than 70 people dead: https://t.co/RBki5PNDTr,"[0, 0, 1, 0]"
768541916040400897,"If shit gets real, those pews offer no earthquake protect and that cross is just more damage waiting to happen ","[0, 0, 1, 0]"
768518387240665088,"Italy earthquake kills 120, injures hundreds: 'There's nothing left' https://t.co/7a5qsWmGkS","[0, 0, 1, 0]"
768533854147653632,"Death toll in Italy earthquake climbs to at least 120: With over 300 injured, unknown number of people trappe... https://t.co/1XJ9e1Tyks","[0, 0, 1, 0]"
768514961521901568,@MCCANNTHOTS it's for an Italian teenager dead yesterday night during the earthquake,"[0, 0, 1, 0]"
768516593236180992,#ItalyEarthquake death toll up to 120. https://t.co/wiVDuSifx4,"[0, 0, 1, 0]"
768519064499032064,"UPDATE: Death toll from #ItalyEarthquake rises to 120, hundreds injured, official says https://t.co/P0bFDQlTap (via@CBSNews)","[0, 0, 1, 0]"
768536177746018306,"express deep condolences to @ItalyinNed over the losses in #earthquake in #Italy,wish quick recovery to the injured! https://t.co/S5RYVF4d0r","[0, 0, 1, 0]"
768545892924215296,The death toll from the quake in Italy has risen to at least 120 with more than 360 people injured https://t.co/bYXYRBzxgW,"[0, 0, 1, 0]"
768571590191751172,"More @cbcnews At least 159 dead, hundreds more injured as powerful earthquake reduces 3 Italian towns to rubble: https://t.co/fgFrGf8Lhb","[0, 0, 1, 0]"
768564956577075200,Increase to 159 deaths from the earthquake in Italy :_(,"[0, 0, 1, 0]"
768560347959726080,Death toll reaches 120 in Italian earthquake  As the death toll continues to rise in t https://t.co/VamqHw0bkW... https://t.co/N0JIV46zAb,"[0, 0, 1, 0]"
768577398707216384,"rt TBN@TBN Pray w/ us for those devastated by the earthquake in Italy. Over 120 dead, many hurting &amp; homeless. #PrayForItaly","[0, 0, 1, 0]"
768583699210211329,Local church members and ADRA spring into action after #ItalyEarthquake. No Adventists known injured. https://t.co/a9YmdWeFQO,"[0, 0, 1, 0]"
768567570123268096,159 people confirmed dead in the Italian earthquake. Horrible.,"[0, 0, 1, 0]"
768561408455958529,"Hey @Leon_Chiro sorry about the earthquake, hope no family or friends of yours had suffer any damage :(","[0, 0, 1, 0]"
768578277338329088," ""At least 159 dead following earthquake in Italy"" The dead count really climbed since this morning ..Terrible .  https://t.co/tJ3lsMEURz","[0, 0, 1, 0]"
768571623452635136,"Quake: at least 120 killed, hundreds injured and towns razed | Italy https://t.co/uLU8fTGsWv","[0, 0, 1, 0]"
768589115625472000,Death toll in Italian earthquake has risen to 159 with hundreds more injured: https://t.co/XlURvOxN7W https://t.co/VCKAyb9TmL,"[0, 0, 1, 0]"
768568734919319556,"At least 120 people have been killed and 368 injured in an earthquake that hit a mountainous area of central Italy, PM Matteo Renzi has sai...","[0, 0, 1, 0]"
768594067290624000,"No Aussies killed, injured in Italy quake | SBS News https://t.co/rbQL8FIWxt He's doing an Abbott! How would he Know? They don't even know!","[0, 0, 1, 0]"
768601179307798528,"Sadly, the death toll keeps rising  - BBC News - #Italy #earthquake: Death toll rises to at least 159 https://t.co/HTgTgKYDiA","[0, 0, 1, 0]"
768606780108730368,@thSouthAfricanD At least 159 people have been killed and 368 injured in an earthquake that hit a mountainous area of central Italy.,"[0, 0, 1, 0]"
768608108780355585,"A powerful earthquake shook central Italy, leaving at least 159 people dead and 368 people injured. https://t.co/zUYsK2ojmU","[0, 0, 1, 0]"
768611618326470656,And now more than 159 victims due to the Italian Earthquake and how many injured....No wor... https://t.co/eaRxgNizVr https://t.co/U7tz6ZH2hd,"[0, 0, 1, 0]"
768594211495153664,Vatican Announces. They Will Pay For Cost Of Rebuilding Towns And Cities Damaged By Recent Earthquake. Wow. https://t.co/vIUbCA4Otz,"[0, 0, 1, 0]"
768665148169084928,"Powerful quake hits central Italy, more than 150 dead.  https://t.co/Skp74oNmj7","[0, 0, 1, 0]"
768680601390026754,Italy earthquake: death toll soars to 247 as rescuers race to find survivors:    The death toll from a powerf...... https://t.co/5iU11qdZDu,"[0, 0, 1, 0]"
768674359414296576,Italy earthquake leaves 247 dead; rescuers racing against time - CNN: CNNItaly earthquake leaves 247 dead; rescuers racing against ti...,"[0, 0, 1, 0]"
768631564708171776,The Latest: Fewer casualties likely in quake damaged hotel: The Latest on the earthquake in central Italy (al... https://t.co/un8hmWhtYg,"[0, 0, 1, 0]"
768666344137039872,"Death Toll Of Italy 2016 Earthquake: 159 Killed, 368 Injured, Italian PM Says Figures... https://t.co/BjKh5WMkug","[0, 0, 1, 0]"
768677435546054656,"Earthquake in Italy: 120 dead, dozens injured and about 150 are missing. Italy, we pray for you! https://t.co/3mAYNKhIQC","[0, 0, 1, 0]"
768661242948956161,159 death tolls. Grabe ganon kalala yung earthquake sa Italy ,"[0, 0, 1, 0]"
768674005662302208,Death toll in Italy quake rises to 247; hundreds injured and missing. ='[ #PrayForItaly &lt;3,"[0, 0, 1, 0]"
768674802345259008,Death toll from Italian earthquake soars to 247 and is expected to rise further: The death toll in Italy's... https://t.co/Y2Le0xVzMj #dw,"[0, 0, 1, 0]"
768668518363475968,"Death toll rises after devastating quake jostles central Italy, rescue efforts on: AMATRICE, Italy - The death... https://t.co/EMqHnVQQAW","[0, 0, 1, 0]"
768638404489719808,Earthquake Death Toll Reaches 159 In Italy:  https://t.co/97OjI0uXqR,"[0, 0, 1, 0]"
768678472797388800,Over 100 killed in deadly Italy earthquake: About 120 people were killed and 368 injured in an earthquake tha... https://t.co/Yw72HBDIjT,"[0, 0, 1, 0]"
768676993080692736,247 is at the moment the death toll of the earthquake the stroke Italy yesterday over 300 injured and thousands... https://t.co/1xSjSSFSfJ,"[0, 0, 1, 0]"
768678479349092352,(Euronews):#Death toll in central #Italy quake rises to 247 : Death toll rises to at least 247 More than 360.. https://t.co/BSbq2UzVkD,"[0, 0, 1, 0]"
768678444611825664,"At least 247 killed, over 300 injured &amp; many others trapped under rubble as 6.2 magnitude #earthquake hits #Italy https://t.co/rihI9ek2BK","[0, 0, 1, 0]"
768628671405957120,Updated #Italy #Ametrice #Earthquake M6.2 +150 Fatalities +300 Injured @CNN #sismo #temblor https://t.co/EYFk2ZIKPF https://t.co/0frlNAGGoS,"[0, 0, 1, 0]"
768671658110574592,#ItalyEarthquake: 247 dead; rescuers racing against time: https://t.co/tHJpQEUYnf,"[0, 0, 1, 0]"
768671462047698944,#BREAKING: Italy earthquake death toll climbs to at least 247: AFP (ANI),"[0, 0, 1, 0]"
768724904485072896,Death toll in Italian M6.2 earthquake reaches 247: ....The death toll in a strong earthquake in... https://t.co/nrNFi5cD0I #Cyprus #news,"[0, 0, 1, 0]"
768711837298851840,No Ukrainians injured or killed as a result of #Italian #earthquak  https://t.co/7rxwkbmUxh https://t.co/9Ad4BN0R9e,"[0, 0, 1, 0]"
768685431042953217,"Death toll in Italy earthquake rises to 247, civil protection agency says - AP: Death toll in Italy earthquake rises to 247, civil pr...","[0, 0, 1, 0]"
768727024538116096,"BBC : RT bbcthree: Italian earthquake death toll rises to 247, with at least 368 injured. ... https://t.co/Jlmagzuii9) https://t.co/xbvBgI9O4j","[0, 0, 1, 0]"
768687504241197056,"Italy earthquake death toll rises to 247,search for survivors continue","[0, 0, 1, 0]"
768704460033921024,Italy earthquake death tool raised to 247 | zipi https://t.co/3S5MwX59cm,"[0, 0, 1, 0]"
768716082379001856,Earthquake Italy: Incredible Tragedy  The 247 the dead https://t.co/TKFiqLHHPj,"[0, 0, 1, 0]"
768727342734831616,"@VeraSumanta a terrible earthquake, are 85 dead and I knew some of them","[0, 0, 1, 0]"
768708141261459456,NEWS: 247 people have died and more than 350 injured after earthquake in central Italy. #ItalyEarthquake,"[0, 0, 1, 0]"
768730494846570496,"#earthquake #centralItaly Nearly 250deaths,+2500 IDPs,hundreds injured,many unaccounted4.Enormous sadness.Amazing ppl conducting rescue ops","[0, 0, 1, 0]"
768740591031025664,"Update:Death Toll Climbs to 247 After Earthquake in Central Italy, 368 Injured, Attack on American University in Kabul Ends,12 Dead #newsbox","[0, 0, 1, 0]"
768733126541447170,"No Armenians among those killed, injured during deadly Italy quake https://t.co/zMRiz3GfEA","[0, 0, 1, 0]"
768712231513055232,Thoughts with Italy. Reminder; death toll from this earthquake (~247) is close to average DAILY death toll in Syria in the past 5 yrs (~249),"[0, 0, 1, 0]"
768743422849064960,#Art #experts fear serious #earthquake damage to historic #Italian buildings @FRH_Europe #Heritage @SilviaCostaEU https://t.co/FcU9YVxHEe,"[0, 0, 1, 0]"
768739127646978048,A lot of Nigerians live in Italy any news of casualties with regards to Earthquake @DailyPostNGR @iykimo@#,"[0, 0, 1, 0]"
768737363841413120,247 confirmed dead in #Italyearthquake https://t.co/RhWpmIVThO,"[0, 0, 1, 0]"
768732996795002880,#Italy #Earthquake : Death Toll Rises To 247 https://t.co/qgXo2a1CmX RIP,"[0, 0, 1, 0]"
768705311540547584,Earthquake. The injured Italy https://t.co/U7d8iu8PIw,"[0, 0, 1, 0]"
768727780553027584,I'm heartbroken. Entire villages destroyed. More than 200 people dead. #TerremotoItalia #earthquake,"[0, 0, 1, 0]"
768704834136514562,"#News #Bologna: Foreign Affairs Ministry confirms one Romanian dead, two injured in Italy earthquake: The Min... https://t.co/zFmwuCe9bn","[0, 0, 1, 0]"
768685758957826049,"247 dead and counting fast: The situation after Central Italy's earthquake: 247 dead and counting, the ... https://t.co/Fr6prd3vdw #LGBT","[0, 0, 1, 0]"
768703615292674048,Now 247 Dead after earthquake in Italy https://t.co/J2m5DV6aDJ,"[0, 0, 1, 0]"
768753851709227008,Death toll from italy earthquake reaches 270 dead.,"[0, 0, 1, 0]"
768748375499902976,"Italy quake death toll nears 250 as rescuers search demolished towns: AMATRICE, Italy (Reuters) - The death toll from a devastating e...","[0, 0, 1, 0]"
768777105828114432,Italy quake death toll nears 250: The death toll from a devastating earthquake... https://t.co/z3YlHxUVNw UTV Pakistan,"[0, 0, 1, 0]"
768794268265656320,#ItalyEarthquake  A resident carries a pram among damaged buildings after a strong earthquake hit #Amatrice https://t.co/gvD2O0fxy8,"[0, 0, 1, 0]"
768774503660920832,#ItalyEarthquake 2016: Death Toll Rises to 247... https://t.co/I5ghubEEEu,"[0, 0, 1, 0]"
768791303526158336,#Italy #earthquake leaves 247 dead  https://t.co/myXCowytLB https://t.co/4gsuRv3T3w,"[0, 0, 1, 0]"
768751151298654208,247 people are dead from the Earthquake   #PrayingForItaly,"[0, 0, 1, 0]"
768780449627906048,Another awful day for #Italy as death toll rises. #earthquake,"[0, 0, 1, 0]"
768776852915847168,247 dead in Italy earthquake... Numbers expected to rise,"[0, 0, 1, 0]"
768766758538928129,"252  dead, thousands injured, homeless, lost family. #PrayforItaly #earthquake https://t.co/2C3H5qiP5D via @AriaaJaeger","[0, 0, 1, 0]"
768783984465682432,250 dead in Italy 'cause of that earthquake. Death toll still rising. Count your blessings.,"[0, 0, 1, 0]"
768777080842625025,"OUR oldest BEINGS - NEURONS-AWAKE! Death Toll Climbs to 247 After Earthquake in Central Italy, 368 Injured https://t.co/Nkhc4wU0Hn via @GMA","[0, 0, 1, 0]"
768784482144890880,"Italy earthquake: Five Romanians dead, 11 missing https://t.co/p29g90MhBa","[0, 0, 1, 0]"
768755651262701568,"@Montemenardo We felt a couple of shakes but we are lucky enough to be far from the centre of the earthquake, so we had no damage at all.","[0, 0, 1, 0]"
768762536019779585,Evening Edition: Death toll in Italy quake rises to 120; hundreds injured and missing https://t.co/BEl9mlX18V,"[0, 0, 1, 0]"
768764651228110848,"#ItalyEarthquake: Death toll rises to 120, many injured | https://t.co/iERp2MCkDn https://t.co/zURUQg0YSl","[0, 0, 1, 0]"
768764221047894016,"One Albanian casualty among Italian earthquake victims. The Albanian Ambassador to Rome, Anila Bitri, gave a live phone interview for TopC.","[0, 0, 1, 0]"
768749988784533505,"""Search for Missing in Italy Quake Intensifies as Death Toll Rises to 247"" Earthquakes, Deaths (Fatalities) https://t.co/S5nMpNJah4","[0, 0, 1, 0]"
768790062750314496,#Italy quake death toll nears 250 as questions mount #jobs #jobsearch #: #The death toll from a powerful eart... https://t.co/rI9OKZxw7M,"[0, 0, 1, 0]"
768759911912132608,"Death Toll Climbs to 247 After Earthquake in Central Italy, 368 Injured: The quake hit early in the morning.","[0, 0, 1, 0]"
768758357813448705,247 people are dead after the earthquake in #Italy. Death polls continue to rise as rescuers race against time https://t.co/rpXYGTB2OE,"[0, 0, 1, 0]"
768774727628300289,https://t.co/2dAYlN6qy1 Death toll in 6.2 magnitude earthquake in central Italy rises to 247; 368 injured,"[0, 0, 1, 0]"
768774627069874176,"Italy quake death toll rises to 247: Rome, Aug 25 (IANS) The death toll in the devastating 6.2 mag... https://t.co/qOwAP23t58 @yahoonews","[0, 0, 1, 0]"
768751616115691520,BBC News UK Italy earthquake: Death toll reaches 247 amid rescue efforts: The death toll in the Italian earth... https://t.co/bpTq5nERO0,"[0, 0, 1, 0]"
768772444651941888,So sad: almost 300 dead &amp; many injured fr earthquake &lt; 100 mi from Rome. We urge attendees of #ESCcongress to donate https://t.co/HfUtkUcyUI,"[0, 0, 1, 0]"
768850831445725185,ItalyEarthquake: Over 150 people have been killed and over 350 people have been injured in an earthquake that hit a mountainous area.,"[0, 0, 1, 0]"
768838931966078977,"Hopes Dim for Survivors of Italy Quake; Death Toll Stands at 241: In a rare bit of good news, the death toll was revised downward, fr...","[0, 0, 1, 0]"
768880152398929921,The #SalvationArmy's supporting women in China to rebuild their greenhouses that were damaged in the 2012 earthquake https://t.co/XTvIU3ZnL7,"[0, 0, 1, 0]"
768818672836096002,#NoktribeTv Italy Earthquake death toll hits 247: The death toll from a powerful earthquake in ce... https://t.co/pY3JfW2RWB #NoktribeTv,"[0, 0, 1, 0]"
768801524319387648,#ENEWSCHAT Italy's latest earthquake death toll rises to 250,"[0, 0, 1, 0]"
768822491049447424,BBC News: Italy quake death toll exceeds 240 https://t.co/Ys6QtHdpOW,"[0, 0, 1, 0]"
768807185690271744,Death toll in Italy earthquake rises to 241 - USA TODAY - USA TODAY Death toll in Italy earthquake rises to 241... https://t.co/wFpzSit5mJ,"[0, 0, 1, 0]"
768839882026291200,Italy Quake: Number Of Deaths Rises To 250 As Rescue Efforts Continue: The death toll from a devastating eart... https://t.co/Ss5wGP7PN5,"[0, 0, 1, 0]"
768838421804482561,NewsBreak: 241 dead in Italian earthquake; 2 dead in Bridgewater accident https://t.co/8RtIdgBUQt,"[0, 0, 1, 0]"
768867054996844544,#Earthquake in central #Italy damages #churches and #buildings #heritage @FRH_Europe https://t.co/RoFTfY4u4B https://t.co/ztAvBuKKpp,"[0, 0, 1, 0]"
768832049016954880,241 dead in Italian earthquake; 2 dead in Bridgewater accident; Earth-like planet discovered https://t.co/T5KKbFWYmI,"[0, 0, 1, 0]"
768830597708079104,Officials: 241 dead in earthquake; aftershocks hit https://t.co/wnxxnq87El,"[0, 0, 1, 0]"
768849160883888128,"#LATEST: #Death Toll in #ItalyEarthquake Up to 250; 365 Injured, Aftershocks Hamper Rescue Efforts https://t.co/67qlOpE0FB #Italy #Terremoto","[0, 0, 1, 0]"
768863799520755712,@ CNN @FoxNews Breaking News 250 dead 385 injured in Italy earthquake many still missing ! Wow shocking news ! Heartwrenching ,"[0, 0, 1, 0]"
768848045676957696,"An #earthquake in #Peru kills 4, injures 52 #funding #startup #breakingnews #Disaster #vc https://t.co/2JueIigaHI https://t.co/KAkx0iQ3bX","[0, 0, 1, 0]"
768873199811502081,Italy earthquake death toll reaches 250 as rescue hopes dim: The death toll in the 6.2-magnitude earthquake t... https://t.co/HzqbptcrPb,"[0, 0, 1, 0]"
768799315779284992,"@casdoms @yfoom_ Italy had a huge earthquake, 250 dead","[0, 0, 1, 0]"
768841019832041473,"https://t.co/9XawTTp04i - Earthquake in Italy, an Albanian citizen died, 7 others are injured https://t.co/PGEQojr8Al via @sharethis","[0, 0, 1, 0]"
768796685715681280,"Italy earthquake: Death toll passes 240, as rescue efforts continue: The death toll in the It... https://t.co/DY1rGchx6r Celebrate Life!","[0, 0, 1, 0]"
768840725509214208,^~^ Hopes Dim for Survivors of Italy Quake; Death Toll Stands at 241  |,"[0, 0, 1, 0]"
768849630939394050,"#OklahomaLottery The Latest: Death toll in Italy quake up to 250; 365 injured: AMATRICE, Ital... https://t.co/fTpQ7P8m1Q OklahomaLottery","[0, 0, 1, 0]"
768843413110218752,The Latest: Death toll in Italy quake up to 250; 365 injured: Italy's civil protection service says the provisional death toll for th...,"[0, 0, 1, 0]"
768947385351364608,"@TizianaBasciani I see.I'm glad that you're OK.But,247people killed in this earthquake... So sad and scary. No more damage... I pray for Italy...","[0, 0, 1, 0]"
768904838042226688,"UPDATED: Canadian citizen killed in Italy earthquake, another injured: Dion https://t.co/SeIZhdSKRk https://t.co/renJGe3OFQ","[0, 0, 1, 0]"
769051134518517760,AP: The latest on Italy quake: Strong aftershock causes more damage to crumbled buildings. https://t.co/N8lN3AtGbh https://t.co/11KYebvGWc,"[0, 0, 1, 0]"
769042657981104128,"I liked a @YouTube video from @cbcthenational https://t.co/XHBkIaksgZ Italy quake death toll rises, amid aftershocks","[0, 0, 1, 0]"
768928914920001536,UPDATE: Ottawa now says one Canadian is dead and another is injured after the earthquake in central Italy yesterday.  Death toll is at 250.,"[0, 0, 1, 0]"
768924670787776512,Officials: At least 1 Canadian identified as victim in Italy earthquake; another injured - Global Winnpeg,"[0, 0, 1, 0]"
769053601696190464,The death toll from a powerful earthquake in central Italy rose to 250 on Thursday as rescuers continued a gr... https://t.co/kLPej1Ykmm,"[0, 0, 1, 0]"
768993104447672320,"Italy #quake devastating, took toll of more than 250 dead and more than 350 injured, hope for more survivors bleak. https://t.co/zDBeFIjReC","[0, 0, 1, 0]"
768886508652601344,Italy earthquake death toll reaches 241 - WSJ: Italy earthquake death toll reaches 241 - WSJ https://t.co/LFRmwQtiA8,"[0, 0, 1, 0]"
768955496896135169,Updated #Italy #Earthquake +250 Fatalities +360 Injured #sismo #temblor @CNN https://t.co/Zzb9J3L5AK,"[0, 0, 1, 0]"
769307492249538560,"Quake damaged roads threaten access to Italy town: AMATRICE, Italy (AP)  Rescue workers acknowledged Friday ... https://t.co/pPuajlEYs6","[0, 0, 1, 0]"
769053616883822593,Questions mount after Italy quake: The death toll from a powerful earthquake in central Italy rose to 2... https://t.co/9Q4gheU60a (JPT),"[0, 0, 1, 0]"
769009760876261376,Questions mount as Italy quake toll hits 250: The death toll from a powerful earthquake in cen... https://t.co/UcSKHN1DdL (via GMA News),"[0, 0, 1, 0]"
768925988080279553,252 dead after devestating Italy earthquake https://t.co/3ZpGCfPVY5,"[0, 0, 1, 0]"
769093499253886977,Italy quake death toll rises to 267; nearly 400 hospitalized: Italy quake death toll rises to 267; nearly 400... https://t.co/u2AaH8ZnE2,"[0, 0, 1, 0]"
769122273232089089,AP: The Latest on Italy quake: Government plans state funeral for some dead. https://t.co/tUvEDQe3Ic,"[0, 0, 1, 0]"
769090360547143680,(Reuters):#Italy quake death toll rises to 267; nearly 400 hospitalized : ROME (Reuters) - The number of.. https://t.co/03nu6x4uAW,"[0, 0, 1, 0]"
769118504872128512,"LMPE Number of dead in Italy quake climbs to 267, first funerals to be held: Some 928 aftershocks have hit th... https://t.co/r6iYtkvBGf","[0, 0, 1, 0]"
769072437220741120,Another powerful aftershock in central Italy overnight... following Wednesday's quake.  Now 267 confirmed dead. https://t.co/kSMOreekWe vi...,"[0, 0, 1, 0]"
769100073011666944,"The Latest: Romania: 6 citizens died in quake, 17 missing: By AP News AMATRICE, Italy (AP)  Th... https://t.co/tiSRnLdqgW #conservative","[0, 0, 1, 0]"
769061861572632576,Reuters World News  Italy quake death toll rises to 267; nearly 400 hospitalized: ROME (Reuters) - The numbe... https://t.co/YzyiouVviU,"[0, 0, 1, 0]"
769068514086940672,"Death toll in Italy quake rises to 267 | Global Newsroom live https://t.co/bYAQhw0y4t   CNN Philippines (cnnphilippines) August 26, 2016","[0, 0, 1, 0]"
769099656865480705,#ItalyEarthquake death toll &gt; 250 as another quake struck at 06.28. Italian govt criticised: https://t.co/aqInbQ9icA https://t.co/PIx82NIhDo,"[0, 0, 1, 0]"
769059754081648640,Italy earth quake death toll reaches 250.  https://t.co/xbI1bkRUG2,"[0, 0, 1, 0]"
769099887250210816,"Italy quake aftermath death toll at 241: ...  fully destroyed, a nun from Albania described how she survived by ... https://t.co/f7fLmOrpZK","[0, 0, 1, 0]"
769103365997469696,"Central Italy hit by devastating quake killing hundreds, death toll on t... https://t.co/95O59QTiII","[0, 0, 1, 0]"
769096780248190976,The latest: World Trade Center honors Italy quake victims as the death toll continues to rise. https://t.co/YaBzh72uO4,"[0, 0, 1, 0]"
769074300376780800,The death toll from the #ItalyEarthquake has risen to 267 #Italy #ItalyQuake https://t.co/4XRImoQnxo https://t.co/gStdqCrrvu,"[0, 0, 1, 0]"
769092537588088832,Italy quake death toll rises to 267; nearly 400 hospitalized: ROME (Reuters)  The number of people killed wi... https://t.co/xRu8b2wIw8,"[0, 0, 1, 0]"
769083083039604737,Number Of Dead In Italy Quake Climbs https://t.co/vHEyrE2UG0,"[0, 0, 1, 0]"
769117047401820160,The Latest: Italy plans state funeral for some quake dead: Today News for... https://t.co/oQxz8exEPB #Port_Charlotte CharlotteCountyCares,"[0, 0, 1, 0]"
769057339622252545,Italy declares state of emergency after quake as death toll rises to 250 https://t.co/j8FTEkEqAb https://t.co/jimDq2AML9,"[0, 0, 1, 0]"
769087292225032196,"Number of dead in Italy quake climbs, first funerals to be held - Reuters: ReutersNumber of dead in Italy qua... https://t.co/CVpf2VkyNw","[0, 0, 1, 0]"
769070618440499201,ROME (Reuters) - The number of people killed in the massive earthquake that shook central Italy on Wednesday... https://t.co/0l9piUAbRz #FB,"[0, 0, 1, 0]"
769087912768106496,Number of dead in Italy quake climbs: https://t.co/nKxaO8I6ol https://t.co/2jv46IH525,"[0, 0, 1, 0]"
769079182596923393,"Italy's Quake Death Toll Rises To China Economic Net ... : https://t.co/SxdwQmZ0B1 .,,","[0, 0, 1, 0]"
769138070239055872,Crews find living among the dead as search goes on for survivors of crew that killed 267: The rescuers hopes... https://t.co/mv08XIyvv2,"[0, 0, 1, 0]"
769146865782620160,"CeeJay: 2B9483E0 Photos: Destruction, death in Italian quake: A 6.2-magnitude earthquake hit... https://t.co/qOKnL0dQU0 CeeJay: 2B9483E0","[0, 0, 1, 0]"
769187809361956864,Death toll in quake rises to 267.400 injury and Italy declared a state of emergency #NigeriaBreakingNews https://t.co/WbF7vSRFon,"[0, 0, 1, 0]"
769165223483674624,URGENT  italy quake death toll https://t.co/RwfMi9i613,"[0, 0, 1, 0]"
769142484014366721,The earthquake in Italy which killed over 240 people this week was the strongest since 2009 https://t.co/ipP2oWPMFK https://t.co/gmqCzLisTU,"[0, 0, 1, 0]"
769150721992355840,Sky News Latest: Three Britons Killed In Italy Quake Named - Marcos was on holiday with his family https://t.co/uUnqH8Cxnk,"[0, 0, 1, 0]"
769142970641559553,Following the magnitude 6.2 earthquake which jolted central Italy leaving at least 250 people dead and around 360... https://t.co/p8wcVnFG5e,"[0, 0, 1, 0]"
769184202637967361,Quake in Central Italy has killed 267 people. 400 injured. Drone video captures destruction. https://t.co/uU2wwRpMRb https://t.co/3xlOzSgwaU,"[0, 0, 1, 0]"
769132786884182016,The death toll has climbed to 267. https://t.co/2h8QUF9pKZ,"[0, 0, 1, 0]"
769138472636469248,New post: National disaster! Italy quake death toll rises to 267 https://t.co/KjljLHiDAT,"[0, 0, 1, 0]"
769136546712813568,"Death Toll From Italy Quake Climbs To 267, First Funerals To Be Held ................. The death toll from an... https://t.co/hrfwGgwxyk","[0, 0, 1, 0]"
769176908760317952,"#Cambodia Update: Italy's quake death toll rises to 267 - ROME, Aug.26 (Xinhua)  The death toll of the deadly ... https://t.co/Dzyy22QTTP","[0, 0, 1, 0]"
769131731609944064,Tears Boom As #ItalyEarthquake #Quake Death Toll Rises To 250 -  https://t.co/1aBt48RWZz ...,"[0, 0, 1, 0]"
769181033262641152,"267 dead in #ItalyEarthquake, damaged roads threaten to cut off access to hard-hit towns -  https://t.co/Wk3NOqgKRA https://t.co/bjuuSp1Pds","[0, 0, 1, 0]"
769183981497487364,RT  Quake-damaged roads threaten access to Italy town - CTV News,"[0, 0, 1, 0]"
769145083371327489,"London boy, 14, killed in Italy quake (via BBC London News): https://t.co/Btx8PHd8Le #London #News","[0, 0, 1, 0]"
769149236973670401,"London boy, 14, killed in Italy quake: A 14-year-old boy from London was among three Britons killed in the ea... https://t.co/S8q0kld1z0","[0, 0, 1, 0]"
769163596760690688,"The Latest: 3 British citizens among the dead in Italy quake: AMATRICE, Italy (AP)  The Latest on the earthq... https://t.co/fQS5LSKpgS","[0, 0, 1, 0]"
769161598933999616,Quake damaged roads threaten access to Italy town: Today News for... https://t.co/eGKqBTfbA1 #Port_Charlotte CharlotteCountyCares,"[0, 0, 1, 0]"
769177641412722689,Quake Damaged Roads Threaten Access to Italy Town &lt;- C'mon Italy... This isn't Syria.... https://t.co/n3sbVL4yvF https://t.co/JYtI7Ecgcf,"[0, 0, 1, 0]"
769181643651284993,Death Toll in Italy Quake Rises to 267 - https://t.co/fszKW3Lw99 - Sofia News Agency https://t.co/EkTwxeMCSV via @sharethis,"[0, 0, 1, 0]"
769154593074720768,"#ajplus The death toll from Italy's quake continues to rise, as rescuers struggle to find people among the ruins of a town. https://a...","[0, 0, 1, 0]"
769145304708812801,Crews find few living among the dead as search goes in rubble of Italy quake; 267 dead: The rescuers hopes w... https://t.co/5HDVYvEoSm,"[0, 0, 1, 0]"
769184502614790144,"Quake damaged roads threaten access to Italy town - AMATRICE, Italy (AP)  Strong aftershocks damaged two key a... https://t.co/XVcuBjBJuq","[0, 0, 1, 0]"
769133541317873664,"Another earthquake hits Italy, cause more damage. How many are dead after the latest quake in 5 minutes on 2 News Today on Dayton's CW.","[0, 0, 1, 0]"
769265128609120256,"#ItalyEarthquake death toll at 278, more than 2,000 forced to live in camps https://t.co/KUAtOOylVh https://t.co/JKwPgxPeG4","[0, 0, 1, 0]"
769212998544199680,267 KILLED: Quake damaged roads threaten access to Italy town  RESCUE VIDEO and GALLERY https://t.co/6X1DrM9Yeh,"[0, 0, 1, 0]"
769268973225517056,State of emergency declared after earthquake leaves 267 dead in Italy #italy #quake. https://t.co/zktc2sZ0SN,"[0, 0, 1, 0]"
769279557497008128,Italy quake death toll hits 268 https://t.co/G5sv95mfHc https://t.co/EjpvMl7kZ9,"[0, 0, 1, 0]"
769241196791156736,Italy quake death toll hits 268  ***s https://t.co/ACqtfl3bEr,"[0, 0, 1, 0]"
769198922308980737,Three Brits named among those killed in Italy earthquake https://t.co/ihhg5GUvvX #CapitalReports https://t.co/YjjsZqxyuE,"[0, 0, 1, 0]"
769210288793018368,Hopes Dim for Survivors of Italy Quake; Death Toll Stands at 267. God bless all the victims. #PrayForItaly  https://t.co/97aiCisWni,"[0, 0, 1, 0]"
769241073814298624,"Amatrice, Italy  (PHOTOS) Italy Quake Death Toll Hits 278, Damaged Roads Threaten Access To Town: Amatrice, Italy  Strong aftershoc...","[0, 0, 1, 0]"
769227821717696512,"Italy quake: An Italian man who survived the earthquake in Amatrice, killed more than 200 people, describes t... https://t.co/30abO0hGuF","[0, 0, 1, 0]"
769251621100544000,"RT latimes ""Death toll rises to 278 in Italian earthquake https://t.co/4P7PRPRUNL https://t.co/XSfY8OOfVN""","[0, 0, 1, 0]"
769263564179771392,"Brits, Romanians Among the Foreigners Killed in Italy Quake - Most of the victims of this week's earthquake wer... https://t.co/dF7cAxukTJ","[0, 0, 1, 0]"
769248033963773952,"#jobs #jobsearch # #Quake-damaged roads threaten access to Italy town:              #AMATRICE, Italy -- Stron... https://t.co/jbqAD25QXS","[0, 0, 1, 0]"
769267969218060288,"Brits, Romanians among the foreigners killed in Italy quake: Today News for... https://t.co/mylFgYeEAv #Port_Charlotte CharlotteCountyCares","[0, 0, 1, 0]"
769252221884043264,"#Italy earthquake death toll rises to 278, rescue operation in some areas called off https://t.co/JZusWkUnnY","[0, 0, 1, 0]"
769229629219442688,#News Italy quake death toll rises to 267 as aftershocks continue in the area: The number of people kil... https://t.co/RmFWygQXuD #News,"[0, 0, 1, 0]"
769271525572739073,"Italy has called off rescue operations in some areas, three days after 278 people were killed in am earthquake. https://t.co/5mqpVDqvdJ","[0, 0, 1, 0]"
769241200259846144,"Italy, your people are in my prayers. I lived in SF when 7.2 quake killed many--very scary https://t.co/XLfJF98Sjy","[0, 0, 1, 0]"
769271848055902208,"Brits, Romanians among the foreigners killed in Italy quake: Spain's Foreign Ministry said that at least one ...  https://t.co/SKLe1qs2Z7","[0, 0, 1, 0]"
769258775366729728,Death Toll In Italy Quake Rises To 278 https://t.co/eijw19nIT6 https://t.co/16PLOL2ndG - @710KURV,"[0, 0, 1, 0]"
769242820645236736,"#Armenpress Italy quake death toll rises to 278: Earlier, Armenian consulate in Italy had informed t... https://t.co/NmdHW3WB6i #Armenia","[0, 0, 1, 0]"
769296683234627609,Tributes paid to three Brits killed in Italian quake #italy https://t.co/14bZ25nCQ3,"[0, 0, 1, 0]"
768777488843563009,"Death toll from central Italy earthquake reaches at least 241, could rise further as rescue teams worked through the night to find survivors","[0, 0, 1, 0]"
769299557092065280,"Italy quake death toll hits 281, state funeral planned https://t.co/mHpG8rC8pe   GMA News (gmanews) August 26, 2016","[0, 0, 1, 0]"
769308031934951425,Italy quake death toll hits 268 ***state funeral planned Hopes of finding more survivors from Italys devastating... https://t.co/xTvbUs4UrD,"[0, 0, 1, 0]"
768888181219393536,@BBC Is Now Reporting That Over 250 People Have Died in #Italy As A Result of The Earthquake There...,"[0, 0, 1, 0]"
768677333720899584,Italy quake toll climbs to at least 247: civil protection: The toll had stood at 159 overnight after the quake struck before dawn on ...,"[0, 0, 1, 0]"
769310369206587392,"Brits, Romanians Among the Foreigners Killed in Italy Quake - ABC News https://t.co/oxE2uVDEFa","[0, 0, 1, 0]"
769320139745468416,"World  Italy's quake death toll hits 281; state funeral planned: ...  woman, a Canadian and an Albanian. Three... https://t.co/4zUZe2zcvF","[0, 0, 1, 0]"
768678060807770112,"The death toll from the Italy earthquake has risen to 247, according to the Italian Civil Protection agency.","[0, 0, 1, 0]"
769312258371391488,"Italy quake death toll 281 na; state funeral, pinaplano https://t.co/qBDOXNjbdv","[0, 0, 1, 0]"
769314530966933505,World  Italy's quake death toll hits 281; state funeral planned: Hopes of finding more survivors from Italy'... https://t.co/Yh4sXEZ6mo,"[0, 0, 1, 0]"
769299062466154496,"New post: ""World  Italy's quake death toll hits 281; state funeral planned""Hopes of finding more survivors from I... https://t.co/eg7kbUDovS","[0, 0, 1, 0]"
769305686152916992,"Italy quake death toll hits 281, some rescue operations called off: ...  down how many visitors were present wh... https://t.co/GpArdXlhbA","[0, 0, 1, 0]"
769308535230345217,"Italy quake death toll at 281, more than 2000 forced to live in camps: AMATRICE, Italy  The death toll from ... https://t.co/hwNhKvK7LS","[0, 0, 1, 0]"
768680851118972929,Earthquake in Italy: Rescue efforts continue through the night as death toll rises to 247 'including many children'  | Read: ...,"[0, 0, 1, 0]"
768700137346625536,"'It was apocalyptic': Death toll in Italian quake nears 250   AMATRICE, Italy  The chaos ... https://t.co/wPC1aKoL6O https://t.co/xaFCWyzuHv","[0, 0, 1, 0]"
768707331437715456,(KCRA) #Italy earthquake leaves 247 dead : At least 247 people were killed after a.. https://t.co/enbULraL45 https://t.co/4XfFHKJQ9q,"[0, 0, 1, 0]"
768840056266170368,Drone footage of Italy earthquake damage. Awful. https://t.co/fBjG5g3sOp,"[0, 0, 1, 0]"
768903006247067648,BREAKING At least three Britons killed in earthquake that leaves at least 250 dead in Italy: https://t.co/dG6H8KMEm5 https://t.co/AzZGOOOQbB,"[0, 0, 1, 0]"
768680357017157632,Finanzas Mundiales: Italy Earthquake Death Toll Rises to 247 People https://t.co/AGb2eQgRsY,"[0, 0, 1, 0]"
768701340797145088,Earthquake in Italy: Death toll rockets to 247 https://t.co/YmkIszoNlk https://t.co/wFEOpDdCSh,"[0, 0, 1, 0]"
769297485386788864,"First Funeral Services Held for Italy Quake Victims: A service was held in Pomezia for seven of the dead, inc... https://t.co/5w4rcrhjB7","[0, 0, 1, 0]"
768393961119416320,"Italy's civil protection agency, which is coordinating the rescue effort, gave the preliminary toll as rescue... https://t.co/5maoCQ74WL","[0, 0, 0, 1]"
768394461294592000,"French President offering Italy ""all the help that might be necessary"" after 6.2 quake https://t.co/a2rThKiFv8 https://t.co/s0WOHOJDQ1","[0, 0, 0, 1]"
768403802613485568,"#Cyprus' #Anastasiades, #EU Commissioner #Stylianides offer support to #Italy after #earthquake https://t.co/InhDCAPJTD","[0, 0, 0, 1]"
768496770833874944,3. Link to donate to OIPA - an org. that searches for and rescues missing/wounded animals and pets in the debris https://t.co/soqf8vi5q3,"[0, 0, 0, 1]"
768604051617439744,#NYC #News Italy earthquake prompts Italian-American groups to raise money: Italian-American organizations ar... https://t.co/NdbnOUc3yR,"[0, 0, 0, 1]"
768556528248852480,"The Italian Red Cross is helping with rescue and recovery, and Facebook has activated Safety Check. https://t.co/Zr1mjE3DOf","[0, 0, 0, 1]"
768484249640968192,Cyprus offers help to Italy following deadly earthquake https://t.co/KC8FYrc8No #Cyprus,"[0, 0, 0, 1]"
768476924922462208,"Help the people of #Amatrice, #Rieti and Central #Italy by donating to Red Cross: https://t.co/dD0MKkUc3y ... #earthquake #PrayForItaly","[0, 0, 0, 1]"
768556394647687170,Italy Earthquake Relief Fund https://t.co/XDc8na67F0 via @GlobalGiving Share the love and help out ....,"[0, 0, 0, 1]"
768550376433852416,Here's how you can help Italy earthquake victims: New Jersey Italian organizations are accepting donations to... https://t.co/a60CGdKsmm,"[0, 0, 0, 1]"
768518687984717825,keep in mind OIPA for donations to Italian relief efforts. Not all organizations are equipped to rescue pets. https://t.co/z7ZlbZaipS,"[0, 0, 0, 1]"
768607706542321664,eClub One ShelterBox and Rotary clubs take action following earthquake in Italy: A 6.2-magnitude earthquake s... https://t.co/87rEmSiJce,"[0, 0, 0, 1]"
768784971104387073,Swiss offer aid to Italy as death toll rises - SWI swissinfo.ch https://t.co/T3w6QPB0su @swissinfo_en,"[0, 0, 0, 1]"
768845642156367872,Want to donate to the Italian Red Cross who are dealing with the Umbrian earthquake down on the ground? https://t.co/sn5xRtxBqI,"[0, 0, 0, 1]"
768776812109463552,@RotaryItalia we are close to the people victims of the earthquake in Central Italy.,"[0, 0, 0, 1]"
768811306430435328,"As always, #Israel first to help in a disaster. PM, president offer condolences, aid to #Italy after deadly #quake https://t.co/Yf8wa0l2yT","[0, 0, 0, 1]"
768676582248493061,ShelterBox and Rotary clubs take action following earthquake in Italy | My Rotary https://t.co/2TJSh4rbvi,"[0, 0, 0, 1]"
768871466221920256,Grazie @IsraAID Already on the scene of earthquake in Italy to help those in need.  #terremoto https://t.co/fhHuylKXWb,"[0, 0, 0, 1]"
768816452132605953,"Phil Duloy, ShelterBox Italy quake team leader - 'At the moment they are still looking to save lives, we will be looking to preserve them.'","[0, 0, 0, 1]"
768826554164080640,Donate to the Italian Red Cross to help Italy's earthquake relief. #ItalyEarthquake https://t.co/4Cfm1Z0yOY,"[0, 0, 0, 1]"
768845155583557637,the italian link to the red cross- for donations for the earthquake https://t.co/FRXJjMGt6Z https://t.co/ffxk4WqoVw,"[0, 0, 0, 1]"
769221780376473601,"Italy: Asylum seekers, refugees donate money and help with clean up after earthquake | Reuters: https://t.co/BDaLpEgvfd","[0, 0, 0, 1]"
768953904570785796,Damage of #Italy #earthquake and how to donate to Croce Rossa Italiana (Red Cross) @crocerossa https://t.co/27FqLmerBM via @ItalyMagazine,"[0, 0, 0, 1]"
769132846753591296,"IsraAID: On the Ground in Italys Quake Affected Region: A 20 member staff of Search &amp; Rescue, Relief and Tra... https://t.co/jHujuogfuq","[0, 0, 0, 1]"
768868450957656064,Fundraising: DANILOS TO RAISE MONEY FOR ITALIAN EARTHQUAKE VICTIMS - So-hale https://t.co/bfHcTJ8ZiU #hale #news https://t.co/MoJxfnoKq2,"[0, 0, 0, 1]"
768892017086763008,"Israel Offers Condolences, Aid to Italy after earthquake |  IFCJ https://t.co/n25Y7ASTmL","[0, 0, 0, 1]"
769162078930165760,Macedonia's Red Cross Offers Aid to Italy after Deadly Quake: Macedonia's Red Cross has also offered aid to I... https://t.co/xmv5YCTBa3,"[0, 0, 0, 1]"
768943046989938689,Eat Pasta and Help Italy.. Check out these restaurants donating proceeds to benefit the Italian Red Cross. https://t.co/MIVM5e4cTb,"[0, 0, 0, 1]"
768882750615007232,"Italian Red Cross, donation to help Italy earthquake victims: https://t.co/aXUtWEF6a4  Top right banner. You can donate via paypal","[0, 0, 0, 1]"
768894210254655488,Italy Earthquake Appeal | British Red Cross https://t.co/KDPAdR2qWF,"[0, 0, 0, 1]"
768651465460031488,DTN Israel: Italian Jews to aid areas hit by earthquake: Italys umbrella Jewish organization and the Rome Je... https://t.co/RUEoGzOCZh,"[0, 0, 0, 1]"
